frame, delta_mm, P_quarter_N, a_mm, p_mean_MPa, p_m/sigma_y0, Y_r_MPa, p_m/Y_r
0, 0.015000, 93.2769, 0.3078, 1253.67, 5.015, 385.0, 3.256
1, 0.030000, 227.5971, 0.4767, 1275.23, 5.101, 416.6, 3.061
2, 0.045000, 378.4471, 0.6156, 1271.57, 5.086, 435.9, 2.917
3, 0.060000, 513.7813, 0.6827, 1403.65, 5.615, 444.4, 3.159
4, 0.075000, 681.7788, 0.7912, 1386.57, 5.546, 457.2, 3.033
5, 0.090000, 813.3590, 0.8445, 1452.14, 5.809, 463.0, 3.136
6, 0.105000, 932.3558, 0.9300, 1372.59, 5.490, 471.9, 2.909
7, 0.120000, 1073.7663, 1.0036, 1357.29, 5.429, 479.0, 2.834
8, 0.135000, 1204.7139, 1.0545, 1379.43, 5.518, 483.7, 2.852
9, 0.150000, 1317.8771, 1.1163, 1346.59, 5.386, 489.1, 2.753
