frame, t, alpha, sigma_zz_MPa, sigma_xx, sigma_yy, VM_Kirch, press
0.00000, 0.04000, 0.00256, 288.57140, 0.00000, 0.00000, 288.73800, 96.19047
1.00000, 0.08000, 0.00632, 334.28190, 0.00001, 0.00001, 334.50545, 111.42731
2.00000, 0.12000, 0.01012, 368.14314, 0.00001, 0.00001, 368.41429, 122.71439
3.00000, 0.16000, 0.01396, 392.70371, -0.00002, -0.00002, 393.01228, 130.90122
4.00000, 0.20000, 0.01781, 410.92265, -0.00000, -0.00000, 411.26050, 136.97421
5.00000, 0.24000, 0.02166, 425.89480, -0.00000, -0.00000, 426.25773, 141.96493
6.00000, 0.28000, 0.02551, 439.41951, -0.00000, -0.00000, 439.80586, 146.47317
7.00000, 0.32000, 0.02934, 451.67436, -0.00000, -0.00000, 452.08257, 150.55812
8.00000, 0.36000, 0.03317, 462.74058, -0.00000, -0.00000, 463.16903, 154.24686
9.00000, 0.40000, 0.03699, 472.69866, -0.00000, -0.00000, 473.14576, 157.56622
10.00000, 0.44000, 0.04080, 481.62839, -0.00000, -0.00000, 482.09255, 160.54280
11.00000, 0.48000, 0.04460, 489.60873, -0.00000, -0.00000, 490.08840, 163.20291
12.00000, 0.52000, 0.04839, 496.71777, -0.00000, -0.00000, 497.21148, 165.57259
13.00000, 0.56000, 0.05217, 503.03344, -0.00000, -0.00000, 503.53978, 167.67781
14.00000, 0.60000, 0.05594, 508.64464, -0.00000, -0.00000, 509.16234, 169.54821
15.00000, 0.64000, 0.05969, 513.64890, -0.00000, -0.00000, 514.17684, 171.21630
16.00000, 0.68000, 0.06344, 518.14263, -0.00000, -0.00000, 518.67985, 172.71421
17.00000, 0.72000, 0.06717, 522.22073, -0.00000, -0.00000, 522.76644, 174.07358
18.00000, 0.76000, 0.07089, 525.97650, -0.00000, -0.00000, 526.53010, 175.32550
19.00000, 0.80000, 0.07460, 529.50160, 0.00000, 0.00000, 530.06264, 176.50053
20.00000, 0.84000, 0.07830, 532.88592, 0.00000, 0.00000, 533.45416, 177.62864
21.00000, 0.88000, 0.08198, 536.21471, 0.00000, 0.00000, 536.79007, 178.73824
22.00000, 0.92000, 0.08565, 539.51659, 0.00000, 0.00000, 540.09906, 179.83886
23.00000, 0.96000, 0.08930, 542.77006, 0.00000, 0.00000, 543.35958, 180.92335
24.00000, 1.00000, 0.09294, 545.95235, 0.00000, 0.00000, 546.54880, 181.98412
