t,V,amp_GM,amp_YL
1.2000,0.0600,3.130455e-14,2.756221e-14
2.4000,0.1200,4.581983e-14,6.815744e-14
3.6000,0.1800,5.251318e-14,7.132853e-14
4.8000,0.2400,9.059319e-14,7.788048e-14
6.0000,0.3000,8.326952e-14,9.608036e-14
7.2000,0.3600,8.705574e-14,9.654257e-14
8.4000,0.4200,8.583361e-14,1.401407e-13
9.6000,0.4800,9.089777e-14,1.007352e-13
10.8000,0.5400,9.110723e-14,1.015700e-13
12.0000,0.6000,1.076884e-13,1.428695e-13
13.2000,0.6600,1.100547e-13,1.326217e-13
14.4000,0.7200,9.433060e-14,1.174820e-13
15.6000,0.7800,1.368111e-13,1.289447e-13
16.8000,0.8400,1.071430e-13,1.460447e-13
18.0000,0.9000,1.258731e-13,1.928900e-13
19.2000,0.9600,1.543684e-13,1.581346e-13
20.4000,1.0200,1.299350e-13,1.559255e-13
21.6000,1.0800,2.080587e-13,1.629369e-13
22.8000,1.1400,1.441841e-13,1.744486e-13
24.0000,1.2000,1.447017e-13,1.520529e-13
25.2000,1.2600,1.581695e-13,1.799112e-13
26.4000,1.3200,1.255417e-13,2.114797e-13
27.6000,1.3800,1.682724e-13,2.442160e-13
28.8000,1.4400,1.905699e-13,1.586525e-13
30.0000,1.5000,1.529428e-13,1.905336e-13
31.2000,1.5600,1.642447e-13,1.683518e-13
32.4000,1.6200,1.979755e-13,1.871026e-13
33.6000,1.6800,2.330762e-13,1.867516e-13
34.8000,1.7400,1.907600e-13,2.062118e-13
36.0000,1.8000,1.932276e-13,1.882960e-13
37.2000,1.8600,1.912690e-13,2.022504e-13
38.4000,1.9200,2.637661e-13,2.059470e-13
39.6000,1.9800,2.044521e-13,2.236974e-13
40.8000,2.0400,2.397028e-13,2.704334e-13
42.0000,2.1000,2.075763e-13,3.431929e-13
43.2000,2.1600,2.089019e-13,2.129948e-13
44.4000,2.2200,2.354409e-13,2.605685e-13
45.6000,2.2800,2.216933e-13,2.346307e-13
46.8000,2.3400,1.895565e-13,2.682040e-13
48.0000,2.4000,1.766853e-13,2.253122e-13
49.2000,2.4600,3.010886e-13,2.397143e-13
50.4000,2.5200,2.299773e-13,2.616625e-13
51.6000,2.5800,2.246470e-13,2.599922e-13
52.8000,2.6400,1.943861e-13,2.821356e-13
54.0000,2.7000,2.166417e-13,3.018202e-13
55.2000,2.7600,2.215231e-13,2.699718e-13
56.4000,2.8200,2.158607e-13,2.485098e-13
57.6000,2.8800,2.170332e-13,2.965685e-13
58.8000,2.9400,2.874417e-13,2.716291e-13
60.0000,3.0000,2.639642e-13,2.846980e-13
61.2000,3.0600,2.507664e-13,3.044149e-13
62.4000,3.1200,2.513666e-13,3.143035e-13
63.6000,3.1800,2.819810e-13,3.013460e-13
64.8000,3.2400,2.434446e-13,2.155335e-13
66.0000,3.3000,2.475275e-13,2.617737e-13
67.2000,3.3600,3.191425e-13,2.651837e-13
68.4000,3.4200,2.657054e-13,2.586789e-13
69.6000,3.4800,2.305198e-13,3.230996e-13
70.8000,3.5400,2.847880e-13,2.847518e-13
72.0000,3.6000,2.705585e-13,3.493714e-13
73.2000,3.6600,2.881413e-13,3.727483e-13
74.4000,3.7200,2.967214e-13,2.984156e-13
75.6000,3.7800,2.751894e-13,2.775401e-13
76.8000,3.8400,3.310889e-13,3.271873e-13
78.0000,3.9000,2.506647e-13,2.787495e-13
79.2000,3.9600,3.138995e-13,3.121223e-13
80.4000,4.0200,3.708258e-13,2.917644e-13
81.6000,4.0800,3.520812e-13,2.615898e-13
82.8000,4.1400,2.952265e-13,3.475545e-13
84.0000,4.2000,3.097583e-13,3.074611e-13
85.2000,4.2600,3.781645e-13,3.507576e-13
86.4000,4.3200,3.258826e-13,2.984657e-13
87.6000,4.3800,3.225580e-13,4.011041e-13
88.8000,4.4400,3.110776e-13,3.451037e-13
90.0000,4.5000,3.054627e-13,3.657157e-13
91.2000,4.5600,3.482067e-13,2.658000e-13
92.4000,4.6200,2.918269e-13,3.533827e-13
93.6000,4.6800,3.780093e-13,3.653662e-13
94.8000,4.7400,3.313916e-13,3.516705e-13
96.0000,4.8000,4.405673e-13,3.706484e-13
97.2000,4.8600,3.120360e-13,3.497432e-13
98.4000,4.9200,4.093865e-13,3.863793e-13
99.6000,4.9800,3.729079e-13,3.817853e-13
100.8000,5.0400,3.541663e-13,3.392473e-13
102.0000,5.1000,3.391033e-13,2.991778e-13
103.2000,5.1600,3.168828e-13,3.947797e-13
104.4000,5.2200,2.977059e-13,3.731403e-13
105.6000,5.2800,3.614387e-13,2.893623e-13
106.8000,5.3400,3.545051e-13,4.907398e-13
108.0000,5.4000,3.067858e-13,3.775717e-13
109.2000,5.4600,4.577536e-13,3.740372e-13
110.4000,5.5200,3.996868e-13,3.877038e-13
111.6000,5.5800,3.831054e-13,4.631434e-13
112.8000,5.6400,3.487956e-13,3.364444e-13
114.0000,5.7000,3.624306e-13,5.004755e-13
115.2000,5.7600,4.063798e-13,3.388531e-13
116.4000,5.8200,4.033787e-13,3.400752e-13
117.6000,5.8800,5.436276e-13,3.824467e-13
118.8000,5.9400,3.620940e-13,4.012641e-13
120.0000,6.0000,4.318724e-13,4.179304e-13
121.2000,6.0600,4.012450e-13,3.143163e-13
122.4000,6.1200,3.803190e-13,3.996629e-13
123.6000,6.1800,4.777723e-13,5.690977e-13
124.8000,6.2400,4.234547e-13,3.806270e-13
126.0000,6.3000,5.507678e-13,3.563053e-13
127.2000,6.3600,4.518859e-13,5.371970e-13
128.4000,6.4200,3.354244e-13,5.055453e-13
129.6000,6.4800,4.478154e-13,4.703998e-13
130.8000,6.5400,3.584130e-13,3.697780e-13
132.0000,6.6000,4.182531e-13,4.823746e-13
133.2000,6.6600,4.805071e-13,4.217893e-13
134.4000,6.7200,3.609430e-13,3.761340e-13
135.6000,6.7800,5.151704e-13,3.768357e-13
136.8000,6.8400,4.104347e-13,4.198256e-13
138.0000,6.9000,4.451465e-13,4.558576e-13
139.2000,6.9600,3.718250e-13,4.042287e-13
140.4000,7.0200,3.914048e-13,4.825012e-13
141.6000,7.0800,4.207095e-13,4.379700e-13
142.8000,7.1400,4.255216e-13,5.049424e-13
144.0000,7.2000,4.050735e-13,3.989717e-13
145.2000,7.2600,5.471569e-13,5.335463e-13
146.4000,7.3200,3.936998e-13,4.520160e-13
147.6000,7.3800,3.425715e-13,3.936339e-13
148.8000,7.4400,5.341361e-13,4.038939e-13
150.0000,7.5000,5.438783e-13,4.677916e-13
151.2000,7.5600,4.292356e-13,3.994140e-13
152.4000,7.6200,4.438637e-13,3.767108e-13
153.6000,7.6800,5.929189e-13,5.038964e-13
154.8000,7.7400,3.480992e-13,4.243567e-13
156.0000,7.8000,3.700434e-13,4.369716e-13
157.2000,7.8600,5.294437e-13,3.774420e-13
158.4000,7.9200,3.829454e-13,5.679710e-13
159.6000,7.9800,4.872179e-13,4.976280e-13
160.8000,8.0400,5.435062e-13,4.112856e-13
162.0000,8.1000,4.947778e-13,4.970746e-13
163.2000,8.1600,4.923128e-13,5.157680e-13
164.4000,8.2200,4.234616e-13,5.893289e-13
165.6000,8.2800,3.819688e-13,5.129074e-13
166.8000,8.3400,4.709236e-13,5.084353e-13
168.0000,8.4000,5.635666e-13,4.876221e-13
169.2000,8.4600,4.857694e-13,4.965525e-13
170.4000,8.5200,4.530976e-13,4.990505e-13
171.6000,8.5800,4.338561e-13,4.870097e-13
172.8000,8.6400,5.564594e-13,5.652197e-13
174.0000,8.7000,4.195949e-13,4.779718e-13
175.2000,8.7600,4.672148e-13,5.036110e-13
176.4000,8.8200,4.882327e-13,4.446391e-13
177.6000,8.8800,5.596374e-13,5.169736e-13
178.8000,8.9400,5.370444e-13,3.947970e-13
180.0000,9.0000,3.994530e-13,7.033402e-13
181.2000,9.0600,4.648313e-13,5.194230e-13
182.4000,9.1200,5.136568e-13,4.879916e-13
183.6000,9.1800,4.391036e-13,4.722576e-13
184.8000,9.2400,3.941448e-13,4.925140e-13
186.0000,9.3000,5.115196e-13,5.104268e-13
187.2000,9.3600,5.038383e-13,5.545078e-13
188.4000,9.4200,7.151606e-13,5.611709e-13
189.6000,9.4800,4.820467e-13,5.116393e-13
190.8000,9.5400,5.781452e-13,5.029310e-13
192.0000,9.6000,4.260880e-13,7.493468e-13
193.2000,9.6600,4.256023e-13,5.141478e-13
194.4000,9.7200,4.571395e-13,4.795435e-13
195.6000,9.7800,4.464745e-13,5.963546e-13
196.8000,9.8400,3.943373e-13,5.623037e-13
198.0000,9.9000,4.688108e-13,4.361372e-13
199.2000,9.9600,5.300985e-13,5.422832e-13
200.4000,10.0200,5.238119e-13,5.376151e-13
201.6000,10.0800,3.942523e-13,4.785894e-13
202.8000,10.1400,5.801904e-13,6.435096e-13
204.0000,10.2000,4.863020e-13,5.255935e-13
205.2000,10.2600,5.324144e-13,6.093424e-13
206.4000,10.3200,5.274791e-13,4.861909e-13
207.6000,10.3800,5.901477e-13,6.452009e-13
208.8000,10.4400,4.564127e-13,4.522563e-13
210.0000,10.5000,5.736262e-13,6.207517e-13
211.2000,10.5600,5.781330e-13,6.065599e-13
212.4000,10.6200,4.992066e-13,4.950224e-13
213.6000,10.6800,5.067769e-13,5.887686e-13
214.8000,10.7400,5.687933e-13,5.439312e-13
216.0000,10.8000,5.565184e-13,4.612664e-13
217.2000,10.8600,5.817378e-13,4.801472e-13
218.4000,10.9200,5.183302e-13,4.453087e-13
219.6000,10.9800,5.422832e-13,6.492602e-13
220.8000,11.0400,9.185951e-13,5.839721e-13
222.0000,11.1000,5.381338e-13,6.173655e-13
223.2000,11.1600,4.706791e-13,6.119584e-13
224.4000,11.2200,5.089540e-13,5.302495e-13
225.6000,11.2800,5.419346e-13,4.703425e-13
226.8000,11.3400,5.508025e-13,6.613529e-13
228.0000,11.4000,5.380765e-13,5.080485e-13
229.2000,11.4600,5.747729e-13,5.630774e-13
230.4000,11.5200,5.096930e-13,4.975013e-13
231.6000,11.5800,6.206251e-13,5.074136e-13
232.8000,11.6400,5.635249e-13,5.247018e-13
234.0000,11.7000,4.678237e-13,6.212669e-13
235.2000,11.7600,5.411435e-13,6.562771e-13
236.4000,11.8200,5.146022e-13,6.457404e-13
237.6000,11.8800,4.197094e-13,5.318350e-13
238.8000,11.9400,4.531236e-13,5.688471e-13
240.0000,12.0000,4.204449e-13,5.490192e-13
241.2000,12.0600,7.322441e-13,5.958498e-13
242.4000,12.1200,3.814171e-13,5.782631e-13
243.6000,12.1800,5.945210e-13,5.134157e-13
244.8000,12.2400,6.203302e-13,6.694367e-13
246.0000,12.3000,4.769483e-13,6.231994e-13
247.2000,12.3600,4.156397e-13,6.888899e-13
248.4000,12.4200,5.682607e-13,5.377261e-13
249.6000,12.4800,4.561664e-13,5.297082e-13
250.8000,12.5400,5.493626e-13,5.922624e-13
252.0000,12.6000,5.146751e-13,6.979105e-13
253.2000,12.6600,5.729653e-13,5.163127e-13
254.4000,12.7200,5.491198e-13,7.931572e-13
255.6000,12.7800,6.175477e-13,5.737147e-13
256.8000,12.8400,5.577275e-13,6.065495e-13
258.0000,12.9000,5.511043e-13,5.323450e-13
259.2000,12.9600,6.063726e-13,4.937856e-13
260.4000,13.0200,5.760774e-13,5.706650e-13
261.6000,13.0800,5.925295e-13,6.034687e-13
262.8000,13.1400,5.721638e-13,5.665468e-13
264.0000,13.2000,6.362168e-13,6.264503e-13
265.2000,13.2600,5.694230e-13,5.996245e-13
266.4000,13.3200,4.852126e-13,7.429508e-13
267.6000,13.3800,6.817845e-13,9.320322e-13
268.8000,13.4400,5.639551e-13,1.101317e-12
270.0000,13.5000,5.407307e-13,1.116544e-12
271.2000,13.5600,4.351484e-13,1.934019e-12
272.4000,13.6200,5.687395e-13,2.169338e-12
273.6000,13.6800,6.678651e-13,3.358806e-12
274.8000,13.7400,6.725870e-13,4.909958e-12
276.0000,13.8000,6.243721e-13,7.175292e-12
277.2000,13.8600,5.795538e-13,1.096157e-11
278.4000,13.9200,6.526238e-13,1.744360e-11
279.6000,13.9800,7.477213e-13,2.823126e-11
280.8000,14.0400,8.658525e-13,4.635594e-11
282.0000,14.1000,8.449526e-13,7.652264e-11
283.2000,14.1600,1.102840e-12,1.285655e-10
284.4000,14.2200,1.562118e-12,2.187522e-10
285.6000,14.2800,2.282601e-12,3.788810e-10
286.8000,14.3400,3.678217e-12,6.641111e-10
288.0000,14.4000,5.456229e-12,1.180801e-09
289.2000,14.4600,8.762428e-12,2.128630e-09
290.4000,14.5200,1.408060e-11,3.888904e-09
291.6000,14.5800,2.315740e-11,7.200630e-09
292.8000,14.6400,3.893749e-11,1.351162e-08
294.0000,14.7000,6.698125e-11,2.569124e-08
295.2000,14.7600,1.166078e-10,4.949786e-08
296.4000,14.8200,2.078353e-10,9.662513e-08
297.6000,14.8800,3.764494e-10,1.911031e-07
298.8000,14.9400,6.918222e-10,3.829156e-07
300.0000,15.0000,1.294007e-09,7.772783e-07
301.2000,15.0600,2.460256e-09,1.598355e-06
302.4000,15.1200,4.755416e-09,3.329511e-06
303.6000,15.1800,9.339959e-09,7.025654e-06
304.8000,15.2400,1.863692e-08,1.501699e-05
306.0000,15.3000,3.778225e-08,3.251332e-05
307.2000,15.3600,7.780617e-08,7.130437e-05
308.4000,15.4200,1.627470e-07,1.585095e-04
309.6000,15.4800,3.460539e-07,3.573709e-04
310.8000,15.5400,7.483813e-07,8.161449e-04
312.0000,15.6000,1.643560e-06,1.888000e-03
313.2000,15.6600,3.665248e-06,4.424133e-03
314.4000,15.7200,8.299478e-06,1.050160e-02
315.6000,15.7800,1.908117e-05,2.525252e-02
316.8000,15.8400,4.453947e-05,6.152281e-02
318.0000,15.9000,1.055485e-04,1.519473e-01
319.2000,15.9600,2.539266e-04,3.815544e-01
320.4000,16.0200,6.201517e-04,9.926856e-01
321.6000,16.0800,1.537471e-03,3.312036e+00
